{
  "experiment": "11_lstm_dg_t8_seed42",
  "probe_timestep": {
    "r2": 0.999999463558197,
    "r2_shuffled": 0.02394723892211914,
    "top_dims": [
      50,
      28,
      27,
      31,
      15
    ],
    "n_samples": 2600
  },
  "probe_phase": {
    "accuracy": 1.0,
    "accuracy_shuffled": 0.0,
    "n_classes": 8
  },
  "fourier": {
    "dominant_freqs": [],
    "dominant_powers": [],
    "env_period_power": 0.02308921059045746,
    "env_period_freq": 0.125,
    "spectral_centroid": 0.17400746183384067,
    "top_freq_dims": [
      24,
      44,
      14,
      42,
      7
    ],
    "n_episodes_analyzed": 200
  },
  "pca": {
    "pc1_timestep_corr": 0.9880588684912426,
    "pc2_timestep_corr": 0.001295390760323885,
    "pc1_phase_corr": 0.2001078442246101,
    "explained_variance_ratio": [
      0.5117388367652893,
      0.3481835126876831,
      0.0854467824101448,
      0.03345296159386635,
      0.011646726168692112,
      0.003501939121633768,
      0.0029197789262980223,
      0.0015856035752221942,
      0.0008798036142252386,
      0.0005065954755991697
    ],
    "pc1_explained_variance": 0.5117388367652893
  },
  "cka": {
    "raw_scalar": 0.8058961112322415,
    "sinusoidal_pe": 0.6967273354530334,
    "phase_sin_cos": 0.2697785863080526,
    "onehot_phase": 0.23391927778720856,
    "remaining_time": 0.8058961112322415
  },
  "mi_binning": {
    "mi": 2.564949357461537,
    "mi_normalized": 1.0,
    "h_t": 2.564949357461537,
    "n_bins": 20
  },
  "mi_ksg": {
    "mi": 0.0,
    "k": 5,
    "n_samples": 2600
  }
}