{
  "experiment": "scaling_dg_t32_seed1024",
  "probe_timestep": {
    "r2": 0.9999982714653015,
    "r2_shuffled": -0.01288759708404541,
    "top_dims": [
      60,
      15,
      59,
      35,
      31
    ],
    "n_samples": 7400
  },
  "probe_phase": {
    "accuracy": 1.0,
    "accuracy_shuffled": 0.07635135135135135,
    "n_classes": 32
  },
  "fourier": {
    "dominant_freqs": [
      0.052994170641229466
    ],
    "dominant_powers": [
      0.3166604986960131
    ],
    "env_period_power": 0.2371589793236352,
    "env_period_freq": 0.03125,
    "spectral_centroid": 0.07426573494912067,
    "top_freq_dims": [
      32,
      23,
      37,
      8,
      3
    ],
    "n_episodes_analyzed": 200
  },
  "pca": {
    "pc1_timestep_corr": -0.40377424332092726,
    "pc2_timestep_corr": 0.4287591961481533,
    "pc1_phase_corr": -0.056523697147208056,
    "explained_variance_ratio": [
      0.3332544267177582,
      0.29372772574424744,
      0.20471706986427307,
      0.06980334967374802,
      0.02452251873910427,
      0.02145536243915558,
      0.014725154265761375,
      0.010257474146783352,
      0.007253475487232208,
      0.005353817716240883
    ],
    "pc1_explained_variance": 0.3332544267177582
  },
  "cka": {
    "raw_scalar": 0.4422712700641412,
    "sinusoidal_pe": 0.6637554168701172,
    "phase_sin_cos": 0.42237771778949124,
    "onehot_phase": 0.2599951922893524,
    "remaining_time": 0.4422712700641412
  },
  "mi_binning": {
    "mi": 2.9365044396669795,
    "mi_normalized": 0.9874015569096514,
    "h_t": 2.9739718548323837,
    "n_bins": 20
  },
  "mi_ksg": {
    "mi": 0.0,
    "k": 5,
    "n_samples": 3000
  }
}