{
  "experiment": "20_lstm_cc_temp_none_seed42",
  "probe_timestep": {
    "r2": 0.9999998807907104,
    "r2_shuffled": -0.026694893836975098,
    "top_dims": [
      22,
      45,
      0,
      11,
      15
    ],
    "n_samples": 1200
  },
  "probe_phase": {
    "accuracy": 1.0,
    "accuracy_shuffled": 0.0,
    "n_classes": 6
  },
  "fourier": {
    "error": "No valid episode segments for FFT"
  },
  "pca": {
    "pc1_timestep_corr": 0.9332375019806195,
    "pc2_timestep_corr": -0.3540088096975187,
    "pc1_phase_corr": 0.9332375019806195,
    "explained_variance_ratio": [
      0.9261568188667297,
      0.0688827857375145,
      0.003296568989753723,
      0.001387266325764358,
      0.0002630274393595755,
      2.423211526547675e-06,
      1.1764299188143923e-06,
      9.504418585493113e-07,
      9.355278507428011e-07,
      8.879059691935254e-07
    ],
    "pc1_explained_variance": 0.9261568188667297
  },
  "cka": {
    "raw_scalar": 0.8778329522293141,
    "sinusoidal_pe": 0.7617272138595581,
    "phase_sin_cos": 0.889449936898872,
    "onehot_phase": 0.4809741675853729,
    "remaining_time": 0.877832952229314
  },
  "mi_binning": {
    "mi": 1.7917594692280547,
    "mi_normalized": 1.0,
    "h_t": 1.7917594692280547,
    "n_bins": 20
  },
  "mi_ksg": {
    "mi": 0.0,
    "k": 5,
    "n_samples": 1200
  }
}