{
  "final_avg_reward": 0.9496000000000001,
  "best_eval_reward": 0.9499999999999998,
  "train_time_s": 95.82879853248596,
  "n_episodes": 5000
}