{
  "final_avg_reward": 0.95,
  "best_eval_reward": 0.9499999999999998,
  "train_time_s": 93.15297031402588,
  "n_episodes": 5000
}