{
  "experiment": "05_lstm_dg_temp_none",
  "n_seeds": 5,
  "seeds": [
    42,
    123,
    456,
    789,
    1024
  ],
  "probe_timestep": {
    "r2": {
      "mean": 1.0,
      "std": 0.0,
      "values": [
        1.0,
        1.0,
        1.0,
        1.0,
        1.0
      ]
    },
    "r2_shuffled": {
      "mean": 0.020197021961212158,
      "std": 3.7946022758164364e-06,
      "values": [
        0.020196080207824707,
        0.02020275592803955,
        0.02019977569580078,
        0.020194292068481445,
        0.020192205905914307
      ]
    },
    "n_samples": {
      "mean": 1800.0,
      "std": 0.0,
      "values": [
        1800.0,
        1800.0,
        1800.0,
        1800.0,
        1800.0
      ]
    }
  },
  "probe_phase": {
    "accuracy": {
      "mean": 1.0,
      "std": 0.0,
      "values": [
        1.0,
        1.0,
        1.0,
        1.0,
        1.0
      ]
    },
    "accuracy_shuffled": {
      "mean": 0.3333333333333333,
      "std": 0.0,
      "values": [
        0.3333333333333333,
        0.3333333333333333,
        0.3333333333333333,
        0.3333333333333333,
        0.3333333333333333
      ]
    },
    "n_classes": {
      "mean": 4.0,
      "std": 0.0,
      "values": [
        4.0,
        4.0,
        4.0,
        4.0,
        4.0
      ]
    }
  },
  "pca": {
    "pc1_timestep_corr": {
      "mean": -0.0497988256261485,
      "std": 0.45157825271328933,
      "values": [
        0.36181144675922683,
        -0.31858142609387613,
        0.6195695420511821,
        -0.4614768972460838,
        -0.45031679360119153
      ]
    },
    "pc2_timestep_corr": {
      "mean": 0.45373069082173717,
      "std": 0.5843185970926744,
      "values": [
        0.41174455027386553,
        0.7422862385364312,
        -0.6618490228716044,
        0.8864441412709726,
        0.8900275468990209
      ]
    },
    "pc1_phase_corr": {
      "mean": -0.05469396526221666,
      "std": 0.1291148258804243,
      "values": [
        0.10129335892561986,
        -0.010514513419876135,
        -0.06471051282590129,
        -0.01032296782456447,
        -0.28921519116636124
      ]
    },
    "pc1_explained_variance": {
      "mean": 0.6061326503753662,
      "std": 0.05582625485577601,
      "values": [
        0.6354039907455444,
        0.5900558233261108,
        0.6386927366256714,
        0.6618704795837402,
        0.5046402215957642
      ]
    }
  },
  "cka": {
    "raw_scalar": {
      "mean": 0.39578294798095454,
      "std": 0.09613399909963877,
      "values": [
        0.2817019464979512,
        0.30676690136648105,
        0.4905641018822961,
        0.37775791974000045,
        0.5221238704180439
      ]
    },
    "sinusoidal_pe": {
      "mean": 0.6303014695644379,
      "std": 0.09230123782913345,
      "values": [
        0.7398771047592163,
        0.6437292695045471,
        0.4593055546283722,
        0.6573981046676636,
        0.6511973142623901
      ]
    },
    "phase_sin_cos": {
      "mean": 0.27678477435023147,
      "std": 0.2110713451447308,
      "values": [
        0.09694354912659774,
        0.15194930189929906,
        0.6156958843110161,
        0.08735670916611066,
        0.43197842724813373
      ]
    },
    "onehot_phase": {
      "mean": 0.26800844818353653,
      "std": 0.1626754615532572,
      "values": [
        0.101984404027462,
        0.22990916669368744,
        0.5094323754310608,
        0.10049611330032349,
        0.3982201814651489
      ]
    },
    "remaining_time": {
      "mean": 0.3957829479809546,
      "std": 0.0961339990996388,
      "values": [
        0.28170194649795127,
        0.3067669013664811,
        0.4905641018822962,
        0.3777579197400004,
        0.522123870418044
      ]
    }
  },
  "mi_binning": {
    "mi": {
      "mean": 2.1972245773362196,
      "std": 0.0,
      "values": [
        2.1972245773362196,
        2.1972245773362196,
        2.1972245773362196,
        2.1972245773362196,
        2.1972245773362196
      ]
    },
    "mi_normalized": {
      "mean": 1.0,
      "std": 0.0,
      "values": [
        1.0,
        1.0,
        1.0,
        1.0,
        1.0
      ]
    },
    "h_t": {
      "mean": 2.1972245773362196,
      "std": 0.0,
      "values": [
        2.1972245773362196,
        2.1972245773362196,
        2.1972245773362196,
        2.1972245773362196,
        2.1972245773362196
      ]
    },
    "n_bins": {
      "mean": 20.0,
      "std": 0.0,
      "values": [
        20.0,
        20.0,
        20.0,
        20.0,
        20.0
      ]
    }
  }
}