{
  "seeds": [
    42,
    123,
    456,
    789,
    1024
  ],
  "cka_matrix_means": [
    [
      1.0,
      0.9781447649002075,
      0.9929741621017456,
      0.970413327217102,
      0.9909560084342957
    ],
    [
      0.9781447649002075,
      1.0,
      0.9704494476318359,
      0.9990932941436768,
      0.9933321475982666
    ],
    [
      0.9929741621017456,
      0.9704494476318359,
      1.0,
      0.9624992609024048,
      0.9913712739944458
    ],
    [
      0.970413327217102,
      0.9990932941436768,
      0.9624992609024048,
      1.0,
      0.989237904548645
    ],
    [
      0.9909560084342957,
      0.9933321475982666,
      0.9913712739944458,
      0.989237904548645,
      1.0
    ]
  ],
  "cka_matrix_full": [
    [
      1.0,
      0.9759881496429443,
      0.9944124817848206,
      0.9682633876800537,
      0.9910401701927185
    ],
    [
      0.9759881496429443,
      1.0,
      0.969366729259491,
      0.9991637468338013,
      0.9931799173355103
    ],
    [
      0.9944124817848206,
      0.969366729259491,
      1.0,
      0.9619112610816956,
      0.991051435470581
    ],
    [
      0.9682633876800537,
      0.9991637468338013,
      0.9619112610816956,
      1.0,
      0.989482045173645
    ],
    [
      0.9910401701927185,
      0.9931799173355103,
      0.991051435470581,
      0.989482045173645,
      1.0
    ]
  ],
  "off_diag_means": {
    "mean": 0.9838471591472626,
    "std": 0.01179040530846006,
    "min": 0.9624992609024048,
    "max": 0.9990932941436768
  },
  "off_diag_full": {
    "mean": 0.9833859324455261,
    "std": 0.012498297317928364,
    "min": 0.9619112610816956,
    "max": 0.9991637468338013
  }
}