{
  "seed_42": {
    "top_dims": [
      28,
      43,
      7,
      44,
      31,
      32,
      50,
      39,
      5,
      35,
      60,
      16,
      42,
      30,
      63,
      19
    ],
    "selectivity_top": [
      1.0,
      1.0,
      1.0,
      1.0,
      1.0,
      1.0,
      1.0,
      1.0,
      1.0,
      1.0,
      1.0,
      1.0,
      1.0,
      1.0,
      1.0,
      1.0
    ],
    "pref_phase_top": [
      2,
      2,
      0,
      1,
      3,
      1,
      3,
      2,
      3,
      1,
      3,
      1,
      0,
      3,
      3,
      3
    ],
    "tuning_curves": {
      "28": [
        -0.07512568434079488,
        0.0016400068998336792,
        0.3047112673521042,
        0.12997113913297653
      ],
      "43": [
        -0.06175076340635618,
        0.1666162647306919,
        0.27912767976522446,
        0.044286638498306274
      ],
      "7": [
        -0.17605872452259064,
        0.04677697271108627,
        0.1644323766231537,
        -0.05442936718463898
      ],
      "44": [
        -0.014820006986459097,
        0.31828169897198677,
        0.25502515584230423,
        0.12029649317264557
      ],
      "31": [
        0.19278597831726074,
        -0.054151974618434906,
        0.04533505439758301,
        0.22585571184754372
      ],
      "32": [
        0.03437913457552592,
        -0.24161528795957565,
        -0.17827606946229935,
        -0.01567825675010681
      ],
      "50": [
        -0.047552560766537987,
        0.0027897655963897705,
        -0.1810416877269745,
        -0.2649488002061844
      ],
      "39": [
        -0.27076881130536395,
        -0.4888212978839874,
        -0.536117434501648,
        -0.49295225739479065
      ],
      "5": [
        -0.6048363174001375,
        -0.656056135892868,
        -0.8017190992832184,
        -0.8645755648612976
      ],
      "35": [
        0.11724600195884705,
        -0.13947192206978798,
        -0.04794522374868393,
        -0.021092504262924194
      ],
      "60": [
        -0.5127513060967127,
        -0.600094735622406,
        -0.7129414081573486,
        -0.7689290642738342
      ],
      "16": [
        -0.08559660737713178,
        0.1650237925350666,
        0.1377246007323265,
        -0.05655872821807861
      ],
      "42": [
        0.13846140603224436,
        -0.10588721930980682,
        -0.0770045705139637,
        0.06643012166023254
      ],
      "30": [
        -0.5358603869875272,
        -0.5849358439445496,
        -0.7106941640377045,
        -0.7796933650970459
      ],
      "63": [
        -0.5747700482606888,
        -0.638804629445076,
        -0.7660948038101196,
        -0.8174424469470978
      ],
      "19": [
        -0.5775692661603292,
        -0.5753537863492966,
        -0.704774796962738,
        -0.8114848434925079
      ]
    }
  },
  "seed_123": {
    "top_dims": [
      2,
      40,
      25,
      49,
      14,
      4,
      33,
      36,
      19,
      60,
      17,
      15,
      32,
      38,
      22,
      11
    ],
    "selectivity_top": [
      1.0,
      1.0,
      1.0,
      1.0,
      1.0,
      1.0,
      1.0,
      1.0,
      1.0,
      1.0,
      1.0,
      1.0,
      1.0,
      1.0,
      1.0,
      1.0
    ],
    "pref_phase_top": [
      1,
      2,
      3,
      3,
      3,
      1,
      3,
      2,
      3,
      3,
      3,
      3,
      1,
      1,
      3,
      1
    ],
    "tuning_curves": {
      "2": [
        0.042721329256892204,
        -0.25741089694201946,
        -0.09604653343558311,
        0.01344938576221466
      ],
      "40": [
        -0.17873402684926987,
        -0.4047876000404358,
        -0.44360747933387756,
        -0.4121117889881134
      ],
      "25": [
        -0.5657474274436632,
        -0.5316164046525955,
        -0.6777538955211639,
        -0.786842942237854
      ],
      "49": [
        -0.40279797837138176,
        -0.3143543042242527,
        -0.49214978516101837,
        -0.5611135363578796
      ],
      "14": [
        -0.3660320720324914,
        -0.19788946956396103,
        -0.3142637014389038,
        -0.43452511727809906
      ],
      "4": [
        -0.02751890818277995,
        0.1974099464714527,
        0.16878659138455987,
        0.04657153785228729
      ],
      "33": [
        -0.42697833354274434,
        -0.3422878831624985,
        -0.4607410579919815,
        -0.560226172208786
      ],
      "36": [
        -0.1760059172908465,
        -0.3749612085521221,
        -0.38717424124479294,
        -0.30504097044467926
      ],
      "19": [
        -0.5267769793669382,
        -0.5242584049701691,
        -0.6362926810979843,
        -0.7239246070384979
      ],
      "60": [
        -0.4351442406574885,
        -0.4878236949443817,
        -0.5913412421941757,
        -0.6341121196746826
      ],
      "17": [
        -0.3623537997094293,
        -0.40066199377179146,
        -0.4955272227525711,
        -0.5562526732683182
      ],
      "15": [
        -0.4496837519109249,
        -0.42678042501211166,
        -0.5149412453174591,
        -0.6134123504161835
      ],
      "32": [
        0.022526042070239782,
        -0.16274235025048256,
        -0.14426294527947903,
        -0.07901637256145477
      ],
      "38": [
        -0.017881912489732105,
        0.1659749299287796,
        0.06634941883385181,
        -0.017544642090797424
      ],
      "22": [
        -0.30299866820375126,
        -0.36151186004281044,
        -0.444163516163826,
        -0.4832265228033066
      ],
      "11": [
        -0.16203207770983377,
        -0.34060119837522507,
        -0.3208216279745102,
        -0.26340852305293083
      ]
    }
  },
  "seed_456": {
    "top_dims": [
      40,
      35,
      44,
      39,
      36,
      22,
      26,
      43,
      59,
      58,
      3,
      61,
      31,
      13,
      47,
      46
    ],
    "selectivity_top": [
      1.0,
      1.0,
      1.0,
      1.0,
      1.0,
      1.0,
      1.0,
      1.0,
      1.0,
      1.0,
      1.0,
      1.0,
      1.0,
      1.0,
      1.0,
      1.0
    ],
    "pref_phase_top": [
      3,
      2,
      0,
      0,
      3,
      2,
      3,
      2,
      1,
      2,
      2,
      2,
      3,
      2,
      3,
      2
    ],
    "tuning_curves": {
      "40": [
        0.2213172142704328,
        -0.1559516794513911,
        -0.07443299144506454,
        0.42581093311309814
      ],
      "35": [
        0.24879549940427145,
        -0.18552391231060028,
        -0.29217955470085144,
        0.24361144751310349
      ],
      "44": [
        0.3137180016686519,
        0.1543295830488205,
        -0.1924946759827435,
        -0.043775856494903564
      ],
      "39": [
        0.30392233779033023,
        0.01237083226442337,
        -0.1648259088397026,
        0.08557374775409698
      ],
      "36": [
        0.3080565581719081,
        -0.08330090716481209,
        -0.0711936354637146,
        0.36383237689733505
      ],
      "22": [
        -0.21979636947313944,
        0.051976338028907776,
        0.2206251583993435,
        -0.1474168337881565
      ],
      "26": [
        0.2655031085014343,
        -0.05956157296895981,
        -0.10546737164258957,
        0.32001321017742157
      ],
      "43": [
        -0.14572753943502903,
        0.14889911375939846,
        0.20909693092107773,
        -0.1856725513935089
      ],
      "59": [
        -0.091261421640714,
        -0.4626316428184509,
        -0.2769588753581047,
        -0.08944612741470337
      ],
      "58": [
        -0.19755921761194864,
        -0.3983244448900223,
        -0.535402774810791,
        -0.4628142863512039
      ],
      "3": [
        -0.3892964720726013,
        -0.6027472913265228,
        -0.726211428642273,
        -0.6817910969257355
      ],
      "61": [
        -0.3253885159889857,
        -0.5195285975933075,
        -0.661752313375473,
        -0.5716840922832489
      ],