{
  "experiment": "scaling_dg_t32_seed42",
  "probe_timestep": {
    "r2": 0.9998506307601929,
    "r2_shuffled": -0.011156320571899414,
    "top_dims": [
      5,
      7,
      54,
      51,
      24
    ],
    "n_samples": 7400
  },
  "probe_phase": {
    "accuracy": 1.0,
    "accuracy_shuffled": 0.07635135135135135,
    "n_classes": 32
  },
  "fourier": {
    "dominant_freqs": [],
    "dominant_powers": [],
    "env_period_power": 0.08223123283340536,
    "env_period_freq": 0.03125,
    "spectral_centroid": 0.0695151324005084,
    "top_freq_dims": [
      45,
      25,
      37,
      13,
      42
    ],
    "n_episodes_analyzed": 200
  },
  "pca": {
    "pc1_timestep_corr": 0.3479258783218627,
    "pc2_timestep_corr": 0.9142823760125042,
    "pc1_phase_corr": 0.5532765304620806,
    "explained_variance_ratio": [
      0.5812441110610962,
      0.24445776641368866,
      0.0738019049167633,
      0.037992335855960846,
      0.02585435099899769,
      0.014149226248264313,
      0.011831291019916534,
      0.005275546107441187,
      0.0018577994778752327,
      0.00124080921523273
    ],
    "pc1_explained_variance": 0.5812441110610962
  },
  "cka": {
    "raw_scalar": 0.4398303226646056,
    "sinusoidal_pe": 0.48813751339912415,
    "phase_sin_cos": 0.3407084394485981,
    "onehot_phase": 0.19463135302066803,
    "remaining_time": 0.4398303226646056
  },
  "mi_binning": {
    "mi": 2.5568721780082595,
    "mi_normalized": 0.8597499582430875,
    "h_t": 2.9739718548323837,
    "n_bins": 20
  },
  "mi_ksg": {
    "mi": 0.0,
    "k": 5,
    "n_samples": 3000
  }
}